step,time,selected_model,action_throttle,action_steer,reference_linear_speed,ref_pos_x,ref_pos_y,ref_pos_z,ref_rot_0,ref_rot_1,ref_rot_2,ref_rot_3,pred_pos_x,pred_pos_y,pred_pos_z,pred_rot_0,pred_rot_1,pred_rot_2,pred_rot_3,pred_out_0,pred_out_1,pred_out_2,pred_out_3,pred_out_4,pred_out_5,pred_out_6,err_pos_x,err_pos_y,err_pos_z,err_rot_0,err_rot_1,err_rot_2,err_rot_3
1.0,0.5015368461608887,1.0,0.057500001043081284,0.0,0.1670308851103938,-0.29252901673316956,0.22305338084697723,3.818819522857666,0.0024566545616835356,-0.12420562654733658,0.00034891627728939056,0.9922533631324768,-0.30488237738609314,0.22349202632904053,3.8722903728485107,-0.00304804602637887,-0.13184823095798492,0.002588731935247779,0.991261899471283,0.0044749402441084385,-1.1285539585514925e-05,3.4588538699864557e-09,-0.0015726827550679445,-0.14302347600460052,0.0008821953670121729,0.9869036078453064,-0.012353360652923584,0.00043864548206329346,0.05347084999084473,-0.005504700355231762,-0.007642604410648346,0.0022398156579583883,-0.0009914636611938477
2.0,0.5516831874847412,1.0,0.05833333358168602,0.0,0.2878097179052138,-0.2890046536922455,0.22299855947494507,3.8060660362243652,0.002878529718145728,-0.12313134968280792,-0.0006537138833664358,0.992385983467102,-0.3003174066543579,0.22351033985614777,3.8722903728485107,-0.0028798505663871765,-0.13341115415096283,0.0024001682177186012,0.9910537004470825,0.004565006121993065,-9.763367415871471e-06,3.5198033376815374e-09,-0.0016440364997833967,-0.14467231929302216,0.0010158481309190392,0.9881530404090881,-0.011312752962112427,0.0005117803812026978,0.06622433662414551,-0.005758380517363548,-0.010279804468154907,0.003053882159292698,-0.0013322830200195312
3.0,0.6019015312194824,1.0,0.059166666120290756,0.0,0.3911301510098488,-0.28527992963790894,0.22282811999320984,3.7939140796661377,0.00371198239736259,-0.12209886312484741,-0.0010090444702655077,0.9925105571746826,-0.2957693636417389,0.22352537512779236,3.8722903728485107,-0.002724521793425083,-0.1346643716096878,0.002230946207419038,0.9908850193023682,0.004548056982457638,-1.102741589420475e-05,3.44847506106305e-09,-0.0015811636112630367,-0.14347179234027863,0.0009872844675555825,0.987011730670929,-0.010489434003829956,0.0006972551345825195,0.07837629318237305,-0.006436504423618317,-0.012565508484840393,0.0032399906776845455,-0.0016255378723144531
4.0,0.6520636081695557,1.0,0.05999999865889549,0.0,0.1689656934245338,-0.2816508412361145,0.222540944814682,3.780787944793701,0.0043818531557917595,-0.12031257897615433,-0.001306668040342629,0.9927256107330322,-0.29122859239578247,0.22354060411453247,3.8722903728485107,-0.002604864304885268,-0.13560184836387634,0.0020794959273189306,0.9907578229904175,0.004540782887488604,-9.063736797543243e-06,3.575542972811263e-09,-0.0017255737911909819,-0.14233040809631348,0.000967831292655319,0.9888073205947876,-0.009577751159667969,0.0009996592998504639,0.09150242805480957,-0.006986717693507671,-0.015289269387722015,0.0033861640840768814,-0.001967787742614746
5.0,0.7022356986999512,1.0,0.06083333492279053,0.0,0.3314795376354204,-0.2780861258506775,0.22250644862651825,3.7670609951019287,0.005253147799521685,-0.1192009374499321,-0.0004246905446052551,0.9928562045097351,-0.2867116928100586,0.22355397045612335,3.8722903728485107,-0.0025022816844284534,-0.136373832821846,0.0019393626134842634,0.9906524419784546,0.004516900517046452,-9.26814664126141e-06,3.585183927512503e-09,-0.001749181654304266,-0.14196918904781342,0.000911274051759392,0.9894202947616577,-0.008625566959381104,0.0010475218296051025,0.10522937774658203,-0.007755429483950138,-0.01717289537191391,0.0023640531580895185,-0.0022037625312805176
6.0,0.7523841857910156,1.0,0.061666667461395264,0.0,0.282112875170203,-0.27476441860198975,0.22237665951251984,3.752563953399658,0.005381602328270674,-0.11759438365697861,0.0009739366360008717,0.9930467009544373,-0.28215932846069336,0.22356630861759186,3.8722903728485107,-0.0024184100329875946,-0.13681475818157196,0.001822030870243907,0.9905920624732971,0.004552365746349096,-9.057250281330198e-06,3.5803726650129875e-09,-0.001801732461899519,-0.13992293179035187,0.0009607323445379734,0.9892628192901611,-0.007394909858703613,0.0011896491050720215,0.11972641944885254,-0.007800012361258268,-0.019220374524593353,0.0008480942342430353,-0.0024546384811401367
7.0,0.8525419235229492,1.0,0.0625,0.0,0.3382741463724777,-0.26637139916419983,0.2222926765680313,3.721475601196289,0.0038487573619931936,-0.11532030999660492,0.0004646613961085677,0.993320882320404,-0.27761828899383545,0.22357730567455292,3.8722903728485107,-0.002347528701648116,-0.13722474873065948,0.0017131506465375423,0.9905356764793396,0.00454105157405138,-9.15771488507744e-06,3.6082845600304836e-09,-0.0018273214809596539,-0.1402001827955246,0.0009144870564341545,0.9899020195007324,-0.01124688982963562,0.0012846291065216064,0.15081477165222168,-0.00619628606364131,-0.021904438734054565,0.0012484892504289746,-0.002785205841064453
8.0,0.9027032852172852,1.0,0.06333333253860474,0.0,0.342066719210619,-0.2620786130428314,0.2224426418542862,3.7048332691192627,0.0027498817071318626,-0.11373472213745117,0.0010165575658902526,0.993506908416748,-0.27308160066604614,0.22358784079551697,3.8722903728485107,-0.0022941434290260077,-0.13749150931835175,0.0016151953022927046,0.9904990196228027,0.004536706488579512,-8.504064680892043e-06,3.6883671672427454e-09,-0.0019043975044041872,-0.13957582414150238,0.0008976777317002416,0.9911400675773621,-0.011002987623214722,0.001145198941230774,0.16745710372924805,-0.005044025368988514,-0.023756787180900574,0.000598637736402452,-0.0030078887939453125
9.0,0.9528560638427734,1.0,0.06416666507720947,0.0,0.3781593400213062,-0.2579098343849182,0.2221900373697281,3.687819004058838,0.0020982585847377777,-0.11128860712051392,0.0021935279946774244,0.9937835335731506,-0.26850345730781555,0.22359657287597656,3.8722903728485107,-0.002241297625005245,-0.13781513273715973,0.0015354313654825091,0.9904542565345764,0.00457812799140811,-9.493927791481838e-06,3.6191940555596602e-09,-0.0018535368144512177,-0.14017142355442047,0.0009503790643066168,0.9900066256523132,-0.010593622922897339,0.0014065355062484741,0.18447136878967285,-0.004339556209743023,-0.026526525616645813,-0.0006580966291949153,-0.0033292770385742188
10.0,1.0030441284179688,1.0,0.06499999761581421,0.0,0.3471495087059719,-0.2537904679775238,0.22202946245670319,3.670496940612793,0.0019197057699784636,-0.10942453145980835,0.0029207118786871433,0.9939889907836914,-0.2639122009277344,0.2236042022705078,3.8722903728485107,-0.002194559434428811,-0.13807006180286407,0.0014654876431450248,0.9904189705848694,0.004591240081936121,-9.839615813689306e-06,3.5784319951659427e-09,-0.0018505505286157131,-0.13984422385692596,0.0009519170271232724,0.9894856810569763,-0.010121732950210571,0.0015747398138046265,0.20179343223571777,-0.004114265087991953,-0.028645530343055725,-0.0014552242355421185,-0.0035700201988220215
11.0,1.053220510482788,1.0,0.06583333015441895,0.0,0.3839639013883024,-0.24890005588531494,0.2218695431947708,3.6525156497955322,0.0026101521216332912,-0.10812917351722717,0.0015663034282624722,0.9941322207450867,-0.2593558132648468,0.2236122339963913,3.8722903728485107,-0.0021701401565223932,-0.13782864809036255,0.0013967426493763924,0.990452766418457,0.004556392319500446,-8.59016836329829e-06,3.638777945624838e-09,-0.001991367433220148,-0.13607895374298096,0.0008927466114982963,0.9908517599105835,-0.01045575737953186,0.0017426908016204834,0.21977472305297852,-0.004780292510986328,-0.029699474573135376,-0.0001695607788860798,-0.0036794543266296387
12.0,1.103299617767334,1.0,0.06666667014360428,0.0,0.3954410741653801,-0.24390378594398499,0.22191889584064484,3.6339879035949707,0.0024301179219037294,-0.10663789510726929,-0.00026514052296988666,0.9942949414253235,-0.25479650497436523,0.22361963987350464,3.8722903728485107,-0.0021522659808397293,-0.1375754177570343,0.0013347077183425426,0.9904880523681641,0.004559316206723452,-8.5396441136254e-06,3.652319335856191e-09,-0.002021939028054476,-0.13576871156692505,0.0008801096701063216,0.9911145567893982,-0.010892719030380249,0.0017007440328598022,0.23830246925354004,-0.004582383669912815,-0.030937522649765015,0.0015998482704162598,-0.003806889057159424
13.0,1.1534500122070312,1.0,0.06750000268220901,0.0,0.4543804054068031,-0.23890067636966705,0.22189071774482727,3.614672899246216,0.002114882692694664,-0.10467922687530518,-0.0010608530137687922,0.9945032596588135,-0.2502342164516449,0.223626509308815,3.8722903728485107,-0.0021404398139566183,-0.1372978687286377,0.0012786340666934848,0.9905266761779785,0.004562282003462315,-8.47179580887314e-06,3.66645114269204e-09,-0.002054906915873289,-0.13534097373485565,0.0008679293096065521,0.9913848638534546,-0.011333540081977844,0.001735791563987732,0.2576174736022949,-0.004255322739481926,-0.03261864185333252,0.002339486964046955,-0.003976583480834961
14.0,1.2036705017089844,1.0,0.06833333522081375,0.0,0.4037254280182685,-0.2339489907026291,0.22208178043365479,3.5945401191711426,0.0032784584909677505,-0.10435173660516739,-0.0020101391710340977,0.9945330619812012,-0.24566903710365295,0.22363293170928955,3.8722903728485107,-0.0021343007683753967,-0.136983722448349,0.0012278578942641616,0.9905702471733093,0.004565183538943529,-8.376695404876955e-06,3.68161501285158e-09,-0.002090940484777093,-0.1347869634628296,0.0008561785216443241,0.9916775822639465,-0.011720046401023865,0.0015511512756347656,0.27775025367736816,-0.005412759259343147,-0.03263198584318161,0.003237997181713581,-0.003962814807891846
15.0,1.2538700103759766,1.0,0.06916666775941849,0.0,0.8066312534273307,-0.22899214923381805,0.22178062796592712,3.5740318298339844,0.003145863302052021,-0.1019047200679779,-0.0007254722295328975,0.9947888851165771,-0.2411012202501297,0.22363896667957306,3.8722903728485107,-0.0021332583855837584,-0.13662929832935333,0.0011817336780950427,0.9906192421913147,0.004567811265587807,-8.278698260255624e-06,3.696646544426585e-09,-0.002127739368006587,-0.13416412472724915,0.0008443318074569106,0.9919690489768982,-0.012109071016311646,0.001858338713645935,0.29825854301452637,-0.005279121920466423,-0.03472457826137543,0.0019072059076279402,-0.004169642925262451
16.0,1.3540241718292236,1.0,0.07000000029802322,0.0,0.2504544270561531,-0.21944813430309296,0.22162674367427826,3.5314106941223145,0.0030323334503918886,-0.09762350469827652,-0.0007176094222813845,0.9952185750007629,-0.23653069138526917,0.2236447036266327,3.8722903728485107,-0.0021370486356317997,-0.13622473180294037,0.0011397994821891189,0.9906750321388245,0.004570524208247662,-8.151566362357698e-06,3.712646634568273e-09,-0.002167448168620467,-0.1334182620048523,0.0008332827128469944,0.992276668548584,-0.01708255708217621,0.002017959952354431,0.3408796787261963,-0.005169382318854332,-0.03860122710466385,0.0018574089044705033,-0.0045435428619384766
17.0,1.4041290283203125,1.0,0.07083333283662796,0.0,0.5402542940414972,-0.21436883509159088,0.22157417237758636,3.5092015266418457,0.002910884562879801,-0.09643110632896423,-0.0008710157708264887,0.995335042476654,-0.23195774853229523,0.22365017235279083,3.8722903728485107,-0.0021450731437653303,-0.1357736438512802,0.0011015168856829405,0.9907369613647461,0.004572938196361065,-8.026780051295646e-06,3.728266584346329e-09,-0.002207003068178892,-0.13265089690685272,0.0008219233714044094,0.9925773739814758,-0.017588913440704346,0.0020759999752044678,0.36308884620666504,-0.0050559574738144875,-0.03934253752231598,0.0019725325983017683,-0.004598081111907959
18.0,1.4542834758758545,1.0,0.0716666653752327,0.0,0.3938988299454242,-0.20980888605117798,0.2217048704624176,3.4867305755615234,0.0015740940580144525,-0.09267842769622803,-0.00010770290828077123,0.9956948757171631,-0.22738242149353027,0.22365543246269226,3.8722903728485107,-0.002157004550099373,-0.13527458906173706,0.0010664996225386858,0.9908052682876587,0.0045753298327326775,-7.88216493674554e-06,3.744546450690223e-09,-0.0022480792831629515,-0.1318245530128479,0.0008109943591989577,0.9928861856460571,-0.017573535442352295,0.0019505620002746582,0.3855597972869873,-0.0037310984916985035,-0.04259616136550903,0.0011742025380954146,-0.0048896074295043945
19.0,1.504448413848877,1.0,0.07249999791383743,0.0,0.4953892267645017,-0.2046971321105957,0.22115136682987213,3.4637434482574463,0.0022983101662248373,-0.09038965404033661,-0.0007923637749627233,0.9959035515785217,-0.22280478477478027,0.22366049885749817,3.8722903728485107,-0.0021723024547100067,-0.13473322987556458,0.0010343599133193493,0.9908789992332458,0.00457763159647584,-7.74184718466131e-06,3.760121547458084e-09,-0.0022885447833687067,-0.13099545240402222,0.0008000852540135384,0.9931806921958923,-0.01810765266418457,0.0025091320276260376,0.40854692459106445,-0.004470612853765488,-0.044343575835227966,0.0018267236882820725,-0.005024552345275879
20.0,1.5546042919158936,1.0,0.07333333045244217,0.0,0.4997330383744097,-0.1998460739850998,0.22092851996421814,3.440187692642212,0.002445212798193097,-0.08849276602268219,0.00046396811376325786,0.9960737228393555,-0.2182248830795288,0.22366543114185333,3.8722903728485107,-0.002190682105720043,-0.1341494917869568,0.0010047826217487454,0.9909582138061523,0.004579903557896614,-7.588655989820836e-06,3.776058576931973e-09,-0.002330015180632472,-0.13012255728244781,0.0007894210866652429,0.9934777021408081,-0.018378809094429016,0.002736911177635193,0.43210268020629883,-0.004635894671082497,-0.0456567257642746,0.0005408144788816571,-0.005115509033203125
21.0,1.6048502922058103,1.0,0.0741666629910469,0.0,0.5120377487250026,-0.1945282518863678,0.22082151472568512,3.416034698486328,0.0022152846213430166,-0.08691474795341492,-2.3238364519784227e-05,0.9962133169174194,-0.21364302933216095,0.22367027401924133,3.8722903728485107,-0.002212125575169921,-0.13351179659366608,0.000977463903836906,0.991044282913208,0.004581850953400135,-7.414047104248311e-06,3.79295084229625e-09,-0.0023744353093206882,-0.1291102021932602,0.0007787829963490367,0.993791401386261,-0.019114777445793152,0.0028487592935562134,0.4562556743621826,-0.0044274101965129375,-0.04659704864025116,0.0010007022647187114,-0.005169034004211426
22.0,1.6549384593963623,1.0,0.07500000298023224,0.0,0.4882876503591558,-0.18931087851524353,0.22065852582454681,3.391371726989746,0.001639133901335299,-0.08505593985319138,-0.0004321289306972176,0.996374785900116,-0.20905934274196625,0.22367505729198456,3.8722903728485107,-0.0022362773306667805,-0.13282549381256104,0.000952135946135968,0.9911364912986755,0.004583689849823713,-7.234843906189781e-06,3.809848880820255e-09,-0.002418962074443698,-0.1280873417854309,0.0007681629504077137,0.9941008687019348,-0.019748464226722717,0.003016531467437744,0.48091864585876465,-0.0038754111155867577,-0.04776955395936966,0.001384264905937016,-0.00523829460144043
23.0,1.7050809860229492,1.0,0.07583333551883698,0.0,0.5309354611982985,-0.18371176719665527,0.22040243446826935,3.366016387939453,0.001046550227329135,-0.08271010965108871,-0.0013794749975204468,0.9965721368789673,-0.20447391271591187,0.2236797958612442,3.8722903728485107,-0.0022628330625593662,-0.13209491968154907,0.0009285630076192319,0.9912340641021729,0.004585426300764084,-7.050901785987662e-06,3.82677445287527e-09,-0.0024636683519929647,-0.12705129384994507,0.0007575646741315722,0.9944071769714355,-0.020762145519256592,0.0032773613929748535,0.5062739849090576,-0.003309383289888501,-0.04938481003046036,0.0023080380633473396,-0.005338072776794434
24.0,1.75522780418396,1.0,0.07666666805744171,0.0,0.5546102962525383,-0.1794086992740631,0.22017823159694672,3.3402650356292725,0.0008019433589652181,-0.07997794449329376,0.00014645994815509766,0.9967963099479675,-0.19988684356212616,0.22368451952934265,3.8722903728485107,-0.002291532466188073,-0.1313236504793167,0.0009065382764674723,0.9913365244865417,0.0045870631001889706,-6.862132067908533e-06,3.843713347606581e-09,-0.0025086109526455402,-0.12599967420101166,0.0007469896809197962,0.9947100281715393,-0.02047814428806305,0.003506287932395935,0.5320253372192383,-0.003093475941568613,-0.05134570598602295,0.0007600783137604594,-0.005459785461425781
25.0,1.8053815364837649,1.0,0.07750000059604645,0.0,0.5552195540825065,-0.174289733171463,0.2199968695640564,3.3140149116516113,0.00040348953916691244,-0.07774524390697479,-0.0011140708811581135,0.9969726204872131,-0.1952982395887375,0.2236892580986023,3.8722903728485107,-0.0023221441078931093,-0.13051480054855347,0.0008858776418492198,0.9914432764053345,0.004588596057146788,-6.669185040664161e-06,3.860719299808579e-09,-0.0025537789333611727,-0.1249326840043068,0.0007364233024418354,0.9950095415115356,-0.021008506417274475,0.0036923885345458984,0.5582754611968994,-0.0027256335597485304,-0.052769556641578674,0.001999948639422655,-0.005529344081878662
26.0,1.855541706085205,1.0,0.07833333313465118,0.0,0.5554478803241523,-0.16988804936408997,0.2201395183801651,3.2868099212646484,-0.000648949877358973,-0.07521982491016388,0.00039345037657767534,0.9971667528152466,-0.1907082051038742,0.22369401156902313,3.8722903728485107,-0.0023544705472886562,-0.12967094779014587,0.000866421265527606,0.9915539026260376,0.004590032622218132,-6.471726464951644e-06,3.877764775950254e-09,-0.0025992158334702253,-0.12384850531816483,0.0007258829427883029,0.9953059554100037,-0.02082015573978424,0.0035544931888580322,0.5854804515838623,-0.0017055206699296832,-0.054451122879981995,0.00047297088894993067,-0.005612850189208984
27.0,1.9056329727172847,1.0,0.07916666567325592,0.0,0.5916624446374196,-0.16523632407188416,0.21939313411712646,3.259666919708252,0.00031789636705070734,-0.07277835160493851,0.0015270322328433394,0.9973469972610474,-0.18611682951450348,0.22369880974292755,3.8722903728485107,-0.002388331340625882,-0.1287945955991745,0.0008480265969410539,0.9916681051254272,0.004591373261064291,-6.270644917094614e-06,3.894861766440272e-09,-0.0026448662392795086,-0.12274926155805588,0.0007153513724915683,0.9955982565879822,-0.020880505442619324,0.004305675625801086,0.6126234531402588,-0.0027062278240919113,-0.05601624399423599,-0.0006790056359022856,-0.005678892135620117
28.0,1.9558026790618896,1.0,0.07999999821186066,0.0,0.6719652388338984,-0.16018064320087433,0.21908117830753326,3.2313249111175537,-0.001261930214241147,-0.06935704499483109,-0.00013020026381127536,0.9975911378860474,-0.18152420222759247,0.22370365262031555,3.8722903728485107,-0.0024235667660832405,-0.12788799405097961,0.0008305687224492431,0.9917853474617004,0.004592618905007839,-6.065929483156651e-06,3.911994284067077e-09,-0.0026907268911600113,-0.12163544446229935,0.0007048355182632804,0.995887041091919,-0.02134355902671814,0.004622474312782288,0.640965461730957,-0.0011616365518420935,-0.05853094905614853,0.0009607690153643489,-0.005805790424346924
29.0,2.0059616565704346,1.0,0.0808333307504654,0.0,0.5024002670872819,-0.1541733592748642,0.21904535591602325,3.2023444175720215,-0.0013130803126841784,-0.06653762608766556,-0.0006908299401402473,0.9977828860282898,-0.17693042755126953,0.22370855510234833,3.8722903728485107,-0.002460030373185873,-0.12695342302322388,0.0008139369310811162,0.9919053316116333,0.004593776073306799,-5.858385975443525e-06,3.929179204220645e-09,-0.0027367391157895327,-0.12050936371088028,0.0006943274638615549,0.9961714744567871,-0.022757068276405334,0.004663199186325073,0.6699459552764893,-0.0011469500605016947,-0.06041579693555832,0.0015047668712213635,-0.005877554416656494
30.0,2.056114196777344,1.0,0.08166666328907013,0.0,0.7347501173096899,-0.14868634939193726,0.2184770107269287,3.1680870056152344,-0.0016220081597566605,-0.06348884105682373,-0.00079078454291448,0.9979810118675232,-0.17233557999134064,0.22371353209018707,3.8722903728485107,-0.0024975913111120462,-0.12599290907382965,0.0007980342488735914,0.9920276999473572,0.004594848956912756,-5.648022124660201e-06,3.946352578054757e-09,-0.002782894531264901,-0.11937127262353897,0.0006838311091996729,0.9964510202407837,-0.02364923059940338,0.005236521363258362,0.7042033672332764,-0.0008755831513553858,-0.06250406801700592,0.0015888188499957323,-0.005953311920166016
31.0,2.1062779426574707,1.0,0.08250000327825546,0.0,0.5156806868905949,-0.1454574465751648,0.21835115551948547,3.1433091163635254,-0.00037589165731333196,-0.060944002121686935,0.0015398826217278838,0.9981399774551392,-0.16773974895477295,0.22371859848499298,3.8722903728485107,-0.0025361410807818174,-0.12500795722007751,0.0007827759254723787,0.992152214050293,0.00459583243355155,-5.4348265621229075e-06,3.963593453448766e-09,-0.002829238772392273,-0.11821893602609634,0.0006733512273058295,0.9967263340950012,-0.022282302379608154,0.005367442965507507,0.7289812564849854,-0.002160249510779977,-0.06406395137310028,-0.0007571066962555051,-0.005987763404846191
32.0,2.156393051147461,1.0,0.0833333358168602,0.0,0.6340045736477896,-0.14015936851501465,0.21802279353141785,3.1126692295074463,-0.0017316630110144615,-0.05763521417975426,-6.204339297255501e-05,0.9983362555503845,-0.16314302384853363,0.22372375428676605,3.8722903728485107,-0.0025755767710506916,-0.124000184237957,0.0007680862327106297,0.9922786355018616,0.0045967306941747665,-5.219393187871901e-06,3.9808711882471925e-09,-0.0028757171239703894,-0.117054782807827,0.000662879494484514,0.9969968199729919,-0.022983655333518982,0.005700960755348206,0.7596211433410645,-0.0008439137600362301,-0.06636497378349304,0.0008301296038553119,-0.006057620048522949
33.0,2.2065539360046387,1.0,0.08416666835546494,0.0,0.6718028680424185,-0.13602390885353088,0.21764786541461945,3.0815365314483643,-0.0010714057134464383,-0.05562373623251915,0.0005949052283540368,0.9984511137008667,-0.15854547917842865,0.22372901439666748,3.8722903728485107,-0.0026158050168305635,-0.12297117710113525,0.0007538987556472421,0.9924065470695496,0.004597549792379141,-5.001944828109117e-06,3.998160469365075e-09,-0.0029223000165075064,-0.11588011682033539,0.0006524169584736228,0.9972618818283081,-0.022521570324897766,0.006081148982048035,0.7907538414001465,-0.0015443993033841252,-0.0673474371433258,0.00015899352729320526,-0.006044566631317139
34.0,2.256718397140503,1.0,0.08500000089406967,0.0,0.6656197465742593,-0.13149219751358032,0.21715933084487915,3.0495445728302,-0.0009877762058749795,-0.052024077624082565,0.0006478917202912271,0.9986451268196106,-0.15394718945026398,0.22373437881469727,3.8722903728485107,-0.002656739205121994,-0.12192250043153763,0.0007401549955829978,0.9925357699394226,0.004598292987793684,-4.782942596648354e-06,4.015455079553476e-09,-0.0029689546208828688,-0.11469630897045135,0.000641962862573564,0.997521698474884,-0.022454991936683655,0.006575047969818115,0.8227458000183105,-0.0016689629992470145,-0.06989842653274536,9.22632752917707e-05,-0.006109356880187988
35.0,2.306881666183472,1.0,0.08583333343267441,0.0,0.6988588010378132,-0.12703187763690948,0.21706518530845642,3.016878843307495,-0.0021968071814626455,-0.04966956004500389,0.00019518316548783332,0.9987633228302002,-0.14934822916984558,0.2237398475408554,3.8722903728485107,-0.002698301337659359,-0.12085572630167007,0.0007268026820383966,0.9926661849021912,0.00459896307438612,-4.562734829960391e-06,4.032742140225309e-09,-0.0030156488064676523,-0.11350466310977936,0.0006315095233730972,0.9977748990058899,-0.022316351532936096,0.006674662232398987,0.8554115295410156,-0.0005014941561967134,-0.07118616998195648,0.0005316195311024785,-0.006097137928009033
36.0,2.357048273086548,1.0,0.08666666597127914,0.0,0.7095769437070274,-0.1220942884683609,0.21712245047092438,2.9839768409729004,-0.0017452716128900647,-0.046273261308670044,-0.0010907156392931938,0.9989266991615295,-0.14474865794181824,0.2237454354763031,3.8722903728485107,-0.002740419004112482,-0.11977221816778183,0.0007137955399230123,0.9927973747253418,0.004599565174430609,-4.341624389780918e-06,4.050023871826625e-09,-0.003062371863052249,-0.11230583488941193,0.0006210590363480151,0.9980223774909973,-0.022654369473457336,0.006622985005378723,0.8883135318756104,-0.0009951473912224174,-0.07349895685911179,0.001804511179216206,-0.006129324436187744
37.0,2.457591772079468,1.0,0.08749999850988388,0.0,0.6701883025352838,-0.11449364572763443,0.2161441296339035,2.916680335998535,-0.0005392407765612006,-0.040204793214797974,-0.0010208069579675794,0.9991908669471741,-0.1401485651731491,0.22375114262104034,3.8722903728485107,-0.002783027710393071,-0.11867336183786392,0.0007010923000052571,0.992929220199585,0.004600101616233587,-4.119988261663821e-06,4.067271852647991e-09,-0.0031091023702174425,-0.11110082268714905,0.0006106026121415198,0.9982629418373108,-0.02565491944551468,0.007607012987136841,0.9556100368499756,-0.0022437870502471924,-0.07846856862306595,0.0017218992579728365,-0.006261646747589111
38.0,2.507742166519165,1.0,0.08833333104848862,0.0,0.7066811058391036,-0.11103904992341995,0.21602816879749298,2.882235050201416,0.00037494348362088203,-0.03851548954844475,-0.00040552005521021783,0.9992578625679016,-0.13554799556732178,0.22375696897506714,3.8722903728485107,-0.002826068317517638,-0.11756043881177902,0.0006886561750434339,0.9930614829063416,0.004600572865456343,-3.897967417287873e-06,4.0845087312391115e-09,-0.0031558230984956026,-0.10989010334014893,0.0006001383881084621,0.998496949672699,-0.024508945643901825,0.007728800177574158,0.9900553226470947,-0.0032010118011385202,-0.07904495298862457,0.0010941762011498213,-0.006196379661560059
39.0,2.5579404830932617,1.0,0.08916666358709335,0.0,0.7272923595267627,-0.10690388083457947,0.21539939939975739,2.846818447113037,0.00011068917956436053,-0.03468432277441025,-0.0014575142413377762,0.9993972778320312,-0.13094700872898102,0.22376291453838348,3.8722903728485107,-0.0028694879729300737,-0.11643464863300323,0.0006764542777091265,0.9931939840316772,0.004600986838340759,-3.6758494843525114e-06,4.101682549162433e-09,-0.003202526131644845,-0.10867437720298767,0.0005896610673516989,0.9987233877182007,-0.02404312789440155,0.008363515138626099,1.0254719257354736,-0.0029801770579069853,-0.08175032585859299,0.0021339685190469027,-0.006203293800354004
40.0,2.608115196228028,1.0,0.09000000357627869,0.0,0.9118878679752322,-0.10299409925937653,0.214791402220726,2.804797887802124,-0.00010534112516324967,-0.03292709216475487,-0.0016686972230672836,0.9994563460350037,-0.1263456642627716,0.22376897931098938,3.8722903728485107,-0.0029132391791790724,-0.11529707908630371,0.0006644573295488954,0.9933266043663025,0.004601340740919113,-3.4538932141003897e-06,4.1188186195029175e-09,-0.0032491974998265505,-0.10745402425527573,0.0005791683215647936,0.9989426732063293,-0.02335156500339508,0.008977577090263367,1.0674924850463867,-0.0028078979812562466,-0.08236998319625854,0.002333154436200857,-0.006129741668701172
41.0,2.658273220062256,1.0,0.09083333611488342,0.0,0.5987601699646544,-0.09989418089389801,0.21474525332450867,2.7742421627044678,-0.001219225232489407,-0.031230172142386436,-0.003044262994080782,0.9995068311691284,-0.12174402177333832,0.22377516329288483,3.8722903728485107,-0.0029572797939181328,-0.11414872109889984,0.0006526386714540422,0.9934590458869934,0.004601642489433289,-3.232361677873996e-06,4.135904951851899e-09,-0.003295838600024581,-0.10622930526733398,0.0005686532822437584,0.9991538524627686,-0.021849840879440308,0.00902990996837616,1.098048210144043,-0.0017380545614287257,-0.08291854709386826,0.003696901723742485,-0.00604778528213501
42.0,2.708387851715088,1.0,0.09166666865348816,0.0,0.8149247047212328,-0.09677593410015106,0.21412304043769836,2.737492084503174,-0.00031092247809283435,-0.029686393216252327,-0.001289195497520268,0.9995584487915039,-0.11714213341474533,0.22378146648406982,3.8722903728485107,-0.0030015732627362013,-0.11299052834510803,0.000640974089037627,0.9935913681983948,0.004601888358592987,-3.0114165383565705e-06,4.152922006284143e-09,-0.0033424419816583395,-0.10500054806470871,0.0005581080913543701,0.9993571639060974,-0.02036619931459427,0.00965842604637146,1.134798288345337,-0.0026906507555395365,-0.08330413699150085,0.001930169528350234,-0.005967080593109131
43.0,2.7585275173187256,1.0,0.0925000011920929,0.0,0.699171218893246,-0.09394961595535278,0.21402695775032043,2.700347661972046,-0.00048060339759103954,-0.025339869782328606,-0.002003181492909789,0.9996768236160278,-0.11254005134105682,0.22378788888454437,3.8722903728485107,-0.0030460862908512354,-0.11182329058647156,0.0006294416962191463,0.9937232732772827,0.0046020871959626675,-2.7911764846066944e-06,4.169881329119107e-09,-0.003389009041711688,-0.10376778990030289,0.0005475293146446347,0.9995517730712891,-0.01859043538570404,0.009760931134223938,1.1719427108764648,-0.0025654828641563654,-0.0864834189414978,0.0026326230727136135,-0.005953550338745117
44.0,2.808682918548584,1.0,0.09333333373069763,0.0,0.7876332972124581,-0.0912076085805893,0.21370187401771545,2.6624839305877686,-0.0007384870550595224,-0.02307428978383541,-0.0009447826887480915,0.999733030796051,-0.10793781280517578,0.22379443049430847,3.8722903728485107,-0.0030907902400940657,-0.11064774543046951,0.0006180210039019585,0.9938547015190125,0.00460223900154233,-2.5719618861330673e-06,4.186768265412866e-09,-0.00343553745187819,-0.10253119468688965,0.0005369069986045361,0.9997378587722778,-0.016730204224586487,0.010092556476593018,1.2098064422607422,-0.0023523031268268824,-0.08757345378398895,0.0015628037508577108,-0.005878329277038574
45.0,2.8588547706604004,1.0,0.09416666626930237,0.0,0.8414454905588098,-0.08816047757863998,0.21313931047916412,2.6241931915283203,-0.0017119902186095715,-0.01956886239349842,-0.002349384594708681,0.9998043179512024,-0.10333546996116638,0.22380110621452332,3.8722903728485107,-0.0031356613617390394,-0.10946456342935562,0.0006066932692192495,0.9939855933189392,0.0046023475006222725,-2.353833679080708e-06,4.203561498883346e-09,-0.0034820332657545805,-0.10129091143608093,0.0005262342747300863,0.9999145269393921,-0.015174992382526398,0.010661795735359192,1.2480971813201904,-0.001423671143129468,-0.08989570289850235,0.0029560779221355915,-0.005818724632263184
46.0,2.90954065322876,1.0,0.0949999988079071,0.0,0.8639410836862056,-0.08468025177717209,0.21301598846912384,2.5790607929229736,-0.0011241630418226123,-0.013581964187324047,-0.0013588040601462126,0.9999062418937683,-0.09873306006193161,0.22380788624286652,3.8722903728485107,-0.003180679166689515,-0.10827429592609406,0.0005954414955340326,0.9941158294677734,0.00460241362452507,-2.1369576188590145e-06,4.22028456625867e-09,-0.0035285043995827436,-0.10004661232233047,0.0005155073595233262,1.0000823736190796,-0.014052808284759521,0.010791897773742676,1.293229579925537,-0.0020565162412822247,-0.09469233453273773,0.001954245613887906,-0.005790412425994873
47.0,3.0096938610076904,1.0,0.09583333134651184,0.0,0.9078541079163378,-0.0797184482216835,0.21198031306266785,2.495239734649658,-0.000251036457484588,-0.006051219068467617,-0.0023304764181375504,0.9999790191650391,-0.09413062036037445,0.22381478548049927,3.8722903728485107,-0.0032258257269859314,-0.1070774495601654,0.0005842496757395566,0.9942452907562256,0.004602442961186171,-1.9215099200664554e-06,4.236902828580469e-09,-0.0035749480593949556,-0.09879852086305618,0.0005047182203270495,1.0002402067184448,-0.014412172138690948,0.011834472417831421,1.3770506381988525,-0.0029747893568128347,-0.10102622956037521,0.002914726035669446,-0.0057337284088134766
48.0,3.0598511695861816,1.0,0.09666666388511658,0.0,0.4808503718033671,-0.07883836328983307,0.21180634200572968,2.4688382148742676,-0.0005581620498560369,-0.0047395965084433556,-0.0021620679181069136,0.9999862909317017,-0.08952832967042923,0.22382180392742157,3.8722903728485107,-0.0032710705418139696,-0.10587389767169952,0.0005730432458221912,0.9943740367889404,0.004602294415235519,-1.7074653442250565e-06,4.252180385577731e-09,-0.003621219890192151,-0.0975414291024208,0.0004933573654852808,1.0003845691680908,-0.010689966380596161,0.012015461921691895,1.4034521579742432,-0.002712908433750272,-0.1011343002319336,0.002735111163929105,-0.0056122541427612305
49.0,3.1100122928619385,1.0,0.09749999642372131,0.0,1.0495850019892958,-0.07681544870138168,0.2108762115240097,2.4217536449432373,-0.0014430857263505459,-0.0003094214480370283,-0.002564790891483426,0.9999957084655762,-0.08492632210254669,0.22382894158363342,3.8722903728485107,-0.0033163917250931263,-0.1046636626124382,0.0005617729621008039,0.9945020079612732,0.004602013621479273,-1.4950505828892346e-06,4.266452080514682e-09,-0.003667365061119199,-0.09627652913331985,0.00048156280536204576,1.0005155801773071,-0.008110873401165009,0.012952730059623718,1.4505367279052734,-0.0018733059987425804,-0.10435424000024796,0.0031265639699995518,-0.0054937005043029785
50.0,3.160168409347534,1.0,0.09833333641290665,0.0,0.7371133260519757,-0.07610008120536804,0.21064874529838562,2.3813657760620117,-0.0014402121305465698,0.0022928130347281694,-0.0021431019995361567,0.9999940395355225,-0.08032462000846863,0.22383618354797363,3.8722903728485107,-0.0033617874141782522,-0.10344710201025009,0.0005504365544766188,0.9946291446685791,0.004601704888045788,-1.2843700005760184e-06,4.28064517166149e-09,-0.003713538171723485,-0.09500709176063538,0.0004696810501627624,1.0006365776062012,-0.004224538803100586,0.013187438249588013,1.490924596786499,-0.0019215752836316824,-0.10573991388082504,0.0026935385540127754,-0.005364894866943359
51.0,3.210335493087769,1.0,0.09916666895151138,0.0,0.8857527506939861,-0.07426469773054123,0.21030735969543457,2.340313196182251,-0.0020420581568032503,0.0058211893774569035,-0.003471959149464965,0.9999749660491943,-0.07572325319051743,0.2238435298204422,3.8722903728485107,-0.003407255280762911,-0.10222455114126205,0.000539029948413372,0.9947554469108582,0.004601369146257639,-1.0756825759017374e-06,4.294708144669812e-09,-0.0037597299087792635,-0.09373308718204498,0.0004576937644742429,1.0007463693618774,-0.0014585554599761963,0.01353617012500763,1.5319771766662598,-0.0013651971239596605,-0.10804574191570282,0.0040109893307089806,-0.005219519138336182
52.0,3.3104770183563232,1.0,0.10000000149011612,0.0,0.9023289371094616,-0.07371053844690323,0.20962314307689667,2.257402181625366,-0.001848504296503961,0.011918491683900356,-0.002931731753051281,0.9999229907989502,-0.07112224400043488,0.22385098040103912,3.8722903728485107,-0.0034527964890003204,-0.10099619626998901,0.0005275494186207652,0.994880735874176,0.004601013381034136,-8.689128208061447e-07,4.308667200803029e-09,-0.0038059696089476347,-0.0924539715051651,0.00044560153037309647,1.000845193862915,0.0025882944464683533,0.014227837324142456,1.6148881912231445,-0.0016042921924963593,-0.11291468888521194,0.003459281288087368,-0.00504225492477417
53.0,3.3606209754943848,1.0,0.09871795028448105,0.0,0.7214001023354871,-0.0732278972864151,0.20916958153247833,2.2151386737823486,-0.002057405421510339,0.015651483088731766,-0.0032329971436411142,0.9998701810836792,-0.06653564423322678,0.22385814785957336,3.8722903728485107,-0.0034939830657094717,-0.09978843480348587,0.0005154424579814076,0.9950024485588074,0.004586607217788696,-1.0076407761516748e-06,4.312451729049371e-09,-0.003814702620729804,-0.09137833118438721,0.00042875256622210145,1.0007930994033813,0.006692253053188324,0.014688566327095032,1.657151699066162,-0.001436577644199133,-0.11543992161750793,0.0037484397180378437,-0.004867732524871826
54.0,3.410771369934082,1.0,0.09743589907884598,0.0,0.994187732754548,-0.07382740080356598,0.20829840004444122,2.1727418899536133,-0.0020646066404879093,0.019300982356071472,-0.001629536272957921,0.9998102784156799,-0.06195615231990814,0.22386540472507477,3.8722903728485107,-0.003532499773427844,-0.09862526506185532,0.0005051722982898355,0.995118260383606,0.004579498432576656,-7.873647973610787e-07,4.337361136919071e-09,-0.003835495328530669,-0.0905798003077507,0.0004321681335568428,1.0013271570205688,0.011871248483657837,0.015567004680633545,1.6995484828948975,-0.0014678931329399347,-0.11792624741792679,0.0021347086876630783,-0.004692018032073975
55.0,3.4609196186065674,1.0,0.09615384787321091,0.0,0.7478474416033501,-0.07303265482187271,0.20810601115226746,2.1301634311676025,-0.0020108309108763933,0.02282623015344143,-0.00496849836781621,0.9997251629829407,-0.05739019438624382,0.2238723784685135,3.8722903728485107,-0.0035667894408106804,-0.09750450402498245,0.0004945563850924373,0.9952285885810852,0.004565964452922344,-9.525690529699204e-07,4.339087755766968e-09,-0.0038392122369259596,-0.08977522701025009,0.0004189900937490165,1.001503586769104,0.01564246043562889,0.015766367316246033,1.7421269416809082,-0.001555958529934287,-0.12033073604106903,0.005463054869323969,-0.004496574401855469
56.0,3.5110743045806885,1.0,0.09487179666757584,0.0,0.9339222414434154,-0.07481401413679123,0.20760580897331238,2.0876243114471436,-0.002385335508733988,0.026793818920850754,-0.0018078726716339588,0.9996365308761597,-0.052831169217824936,0.22387945652008057,3.8722903728485107,-0.003599331248551607,-0.09642910212278366,0.0004852860001847148,0.9953332543373108,0.00455902935937047,-7.342071057792054e-07,4.362825212211874e-09,-0.0038611514028161764,-0.08907705545425415,0.00041982007678598166,1.0021146535873413,0.021982844918966293,0.01627364754676819,1.7846660614013672,-0.0012139957398176193,-0.12322291731834412,0.0022931587882339954,-0.004303276538848877
57.0,3.611207962036133,1.0,0.09358974546194077,0.0,0.8515082621457661,-0.07716844230890274,0.20633359253406525,2.0028131008148193,-0.002698079915717244,0.034358490258455276,-0.0015948375221341848,0.9994046688079834,-0.04828338325023651,0.22388634085655212,3.8722903728485107,-0.0036285705864429474,-0.09540288150310516,0.0004760450392495841,0.9954320192337036,0.0045477901585400105,-8.093402357189916e-07,4.369061556985798e-09,-0.003867420135065913,-0.08843541890382767,0.0004108704160898924,1.0024865865707397,0.02888505905866623,0.017552748322486877,1.8694772720336914,-0.0009304906707257032,-0.12976136803627014,0.0020708825904875994,-0.003972649574279785
58.0,3.6613619327545166,1.0,0.0923076942563057,0.0,0.805810585299231,-0.07849572598934174,0.20595493912696838,1.960584282875061,-0.002674772869795561,0.03829076513648033,-0.002331892726942897,0.9992603659629822,-0.04374279826879501,0.22389326989650726,3.8722903728485107,-0.003655815264210105,-0.09442758560180664,0.0004679919220507145,0.9955249428749084,0.004540591966360807,-6.554437277372926e-07,4.3879690991843745e-09,-0.0038821802008897066,-0.08787648379802704,0.0004117512726224959,1.0030696392059326,0.03475292772054672,0.01793833076953888,1.9117060899734497,-0.000981042394414544,-0.13271835446357727,0.0027998846489936113,-0.0037354230880737305
59.0,3.7115073204040527,1.0,0.09102564305067062,0.0,0.8617179423862364,-0.08020671457052231,0.20558421313762665,1.9190160036087036,-0.001910725375637412,0.041702885180711746,-0.003036371199414134,0.9991236329078674,-0.03921075910329819,0.22390013933181763,3.8722903728485107,-0.0036803968250751495,-0.09350576996803284,0.00046066485811024904,0.995611846446991,0.004532046150416136,-6.203795237524901e-07,4.39929603857081e-09,-0.003888958366587758,-0.08738129585981369,0.00040991377318277955,1.0035501718521118,0.04099595546722412,0.01831592619419098,1.9532743692398071,-0.0017696714494377375,-0.13520865142345428,0.003497036173939705,-0.003511786460876465
60.0,3.761642217636109,1.0,0.08974359184503555,0.0,1.0217055739127137,-0.08348942548036575,0.20538878440856934,1.8778694868087769,-0.0012700476218014956,0.04547734186053276,-0.0003114401479251683,0.9989645481109619,-0.0346851572394371,0.22390702366828918,3.8722903728485107,-0.0037026465870440006,-0.09264297783374786,0.00045461984700523317,0.9956924319267273,0.004525606520473957,-5.113442966830917e-07,4.4153778411271105e-09,-0.0038961113896220922,-0.08699221163988113,0.00041350413812324405,1.0040912628173828,0.04880426824092865,0.01851823925971985,1.9944208860397339,-0.002432598965242505,-0.13812032341957092,0.000766059965826571,-0.003272116184234619
61.0,3.811780214309693,1.0,0.08846154063940048,0.0,0.6725098494499353,-0.0857679545879364,0.20506203174591064,1.8368746042251587,-0.0013890359550714493,0.05178351700305939,-1.9215915017412044e-05,0.9986574053764343,-0.03016318567097187,0.22391390800476074,3.8722903728485107,-0.003722214139997959,-0.09183871746063232,0.000450687191914767,0.9957668781280518,0.0045219771564006805,-4.410107976582367e-07,4.4289847345169164e-09,-0.0038978334050625563,-0.08665481209754944,0.0004253521328791976,1.0045915842056274,0.05560477077960968,0.018851876258850098,2.0354156494140625,-0.00233317818492651,-0.1436222344636917,0.0004699031123891473,-0.0028905272483825684
62.0,3.8618645668029785,1.0,0.08717948943376541,0.0,0.9039010358058722,-0.08830638229846954,0.20417948067188263,1.79617178440094,-0.0012688017450273037,0.052963271737098694,-0.0010003341594710946,0.9985951781272888,-0.025639811530709267,0.2239205241203308,3.8722903728485107,-0.0037344403099268675,-0.09124615043401718,0.0004489435232244432,0.9958212971687317,0.004523378796875477,-6.650320756307337e-07,4.415307230942744e-09,-0.003855966730043292,-0.08762475103139877,0.00043979083420708776,1.0045219659805298,0.06266657263040543,0.01974104344844818,2.0761184692382812,-0.002465638564899564,-0.14420941472053528,0.001449277624487877,-0.002773880958557129
63.0,3.911997795104981,1.0,0.08589743822813034,0.0,0.7381421155734971,-0.09180092811584473,0.20287400484085083,1.7566148042678833,-0.0030689628329128027,0.05534500628709793,-0.0023967090528458357,0.9984596967697144,-0.021115001291036606,0.22392688691616058,3.8722903728485107,-0.0037401572335511446,-0.09084004163742065,0.00044914885074831545,0.995858371257782,0.004524815361946821,-8.940326097217621e-07,4.40128156142805e-09,-0.0038136059883981943,-0.08859428763389587,0.0004544110270217061,1.004433512687683,0.07068592309951782,0.021052882075309753,2.115675449371338,-0.0006711944006383419,-0.146185040473938,0.0028458579909056425,-0.002601325511932373
64.0,3.962132692337036,1.0,0.08461538702249527,0.0,0.9399464171228106,-0.0946258008480072,0.20296859741210938,1.717278242111206,-0.001334511092863977,0.05905929580330849,-0.002323290565982461,0.9982509016990662,-0.016588665544986725,0.22393301129341125,3.8722903728485107,-0.0037400994915515184,-0.09059860557317734,0.0004511192673817277,0.9958803653717041,0.004526339005678892,-1.1243214430578519e-06,4.3871217769719806e-09,-0.003770801005885005,-0.08956737816333771,0.00046944397035986185,1.0043319463729858,0.07803713530302048,0.02096441388130188,2.1550121307373047,-0.0024055885151028633,-0.14965790510177612,0.0027744099497795105,-0.0023705363273620605
65.0,4.012295961380005,1.0,0.0833333358168602,0.0,0.656732343644114,-0.09860575944185257,0.2027047574520111,1.6781396865844727,-0.0033446711022406816,0.06228376552462578,-0.0008011772879399359,0.9980525970458984,-0.012060943990945816,0.22393891215324402,3.8722903728485107,-0.0037348594050854445,-0.09050244837999344,0.00045461353147402406,0.9958891272544861,0.004527725279331207,-1.3611436315841274e-06,4.371374817679907e-09,-0.003727072151377797,-0.09054166078567505,0.00048421905376017094,1.0042091608047485,0.08654481172561646,0.02123415470123291,2.194150686264038,-0.0003901883028447628,-0.15278621017932892,0.00125579081941396,-0.0021634697914123535
66.0,4.062453508377075,1.0,0.08205128461122513,0.0,0.937012645438016,-0.10204295068979263,0.20238961279392242,1.6400365829467773,-0.003891408210620284,0.06531539559364319,-0.0012296413769945502,0.9978563785552979,-0.007531922310590744,0.22394458949565887,3.8722903728485107,-0.003724989015609026,-0.09053413569927216,0.00045942500582896173,0.9958862662315369,0.004529024939984083,-1.5982142258508247e-06,4.353912341770183e-09,-0.003682695562019944,-0.09151424467563629,0.0004987845895811915,1.0040693283081055,0.09451103210449219,0.02155497670173645,2.2322537899017334,0.00016641919501125813,-0.15584953129291534,0.0016890664119273424,-0.0019701123237609863
67.0,4.162622690200806,1.0,0.08076923340559006,0.0,0.8050663997933097,-0.11006312072277069,0.20082423090934753,1.5593370199203491,-0.005134446080774069,0.0729229748249054,-0.0021318530198186636,0.997322142124176,-0.003001586999744177,0.2239500731229782,3.8722903728485107,-0.0037109646946191788,-0.09067936986684799,0.00046542176278308034,0.9958731532096863,0.004530338104814291,-1.840926188378944e-06,4.336007108918238e-09,-0.0036376004572957754,-0.09249407798051834,0.0005135601968504488,1.003913164138794,0.10706153512001038,0.023125842213630676,2.312953472137451,0.00142348138615489,-0.16360235214233398,0.002597274724394083,-0.001448988914489746
68.0,4.212786674499512,1.0,0.07948718219995499,0.0,0.4921310324136103,-0.11341903358697891,0.20055726170539856,1.52938711643219,-0.00504485797137022,0.07609779387712479,-0.002507211174815893,0.9970844388008118,0.001530142966657877,0.22395536303520203,3.8722903728485107,-0.0036932299844920635,-0.0909254178404808,0.0004725033650174737,0.9958507418632507,0.004531732760369778,-2.085465894197114e-06,4.317870505587962e-09,-0.003592010820284486,-0.09348020702600479,0.0005286790546961129,1.0037442445755005,0.11494917422533035,0.023398101329803467,2.3429031372070312,0.0013516279868781567,-0.1670232117176056,0.002979714423418045,-0.0012336969375610352
69.0,4.262937784194946,1.0,0.07820513099431992,0.0,0.7333346195763631,-0.11682954430580139,0.20008379220962524,1.4936487674713135,-0.004972582217305899,0.078556127846241,-0.004709725268185139,0.9968861937522888,0.006063316483050585,0.22396045923233032,3.8722903728485107,-0.0036721581127494574,-0.09126129746437073,0.00048056908417493105,0.9958201050758362,0.004533175844699144,-2.3348372906184522e-06,4.299329781076722e-09,-0.0035457725170999765,-0.09447431564331055,0.0005440360400825739,1.003561019897461,0.12289286404848099,0.023876667022705078,2.3786416053771973,0.0013004241045564413,-0.16981741786003113,0.005190294235944748,-0.0010660886764526367
70.0,4.313099384307861,1.0,0.07692307978868484,0.0,0.7032735317042907,-0.12278434634208679,0.19941529631614685,1.4584882259368896,-0.005613378714770079,0.08125049620866776,-0.0014037571381777525,0.9966769218444824,0.010598008520901203,0.2239653766155243,3.8722903728485107,-0.0036480834241956472,-0.09167742729187012,0.0004895372549071908,0.9957819581031799,0.004534693900495768,-2.587741846582503e-06,4.280474197315698e-09,-0.0034989535342901945,-0.09547724574804306,0.0005596894188784063,1.0033648014068604,0.13338235020637512,0.02455008029937744,2.413802146911621,0.0019652952905744314,-0.17292791604995728,0.0018932943930849433,-0.0008949637413024902
71.0,4.36324954032898,1.0,0.07564102858304977,0.0,0.7553792630011128,-0.12804944813251495,0.19949278235435486,1.4245026111602783,-0.003581584431231022,0.08370817452669144,-0.00014670239761471748,0.9964839220046997,0.015134298242628574,0.22397011518478394,3.8722903728485107,-0.003621287876740098,-0.09216566383838654,0.0004993322654627264,0.9957370162010193,0.004536291118711233,-2.8461079182307003e-06,4.2611789652369225e-09,-0.0034514411818236113,-0.0964912623167038,0.0005756081664003432,1.0031547546386719,0.14318375289440155,0.024477332830429077,2.4477877616882324,-3.970344550907612e-05,-0.17587384581565857,0.0006460346630774438,-0.0007469058036804199
72.0,4.463395833969116,1.0,0.0743589773774147,0.0,0.6709943626926844,-0.13721948862075806,0.1979224681854248,1.3577836751937866,-0.0035453320015221834,0.08967143297195435,3.1186642445391044e-05,0.9959651231765747,0.01967231184244156,0.22397467494010925,3.8722903728485107,-0.0035919540096074343,-0.09272240102291107,0.0005098721594549716,0.9956853985786438,0.004538015462458134,-3.113317234237911e-06,4.24113499875034e-09,-0.0034026948269456625,-0.09754650294780731,0.0005916620139032602,1.0029282569885254,0.15689179301261902,0.026052206754684448,2.5145068168640137,-4.6622008085250854e-05,-0.18239383399486542,0.0004786855133716017,-0.0002797245979309082
73.0,4.513536691665649,1.0,0.07307692617177963,0.0,0.6474638141536563,-0.14136528968811035,0.19758816063404083,1.3252758979797363,-0.0036889470648020506,0.09371799230575562,-0.001766575500369072,0.9955904483795166,0.024212151765823364,0.22397905588150024,3.8722903728485107,-0.003560253418982029,-0.09334399551153183,0.0005210829549469054,0.9956274628639221,0.004539840389043093,-3.388790901226457e-06,4.220420457556884e-09,-0.0033528006169945,-0.09863851219415665,0.0006078328005969524,1.0026856660842896,0.16557744145393372,0.02639089524745941,2.5470144748687744,0.00012869364582002163,-0.18706199526786804,0.0022876583971083164,3.701448440551758e-05
74.0,4.56369423866272,1.0,0.07179487496614456,0.0,0.7887346713657785,-0.14676839113235474,0.1971753090620041,1.2883249521255493,-0.003251422196626663,0.0971401110291481,-0.0018969591474160552,0.9952636957168579,0.02875390276312828,0.2239832580089569,3.8722903728485107,-0.0035263458266854286,-0.09402671456336975,0.0005328990519046783,0.9955633282661438,0.004541751462966204,-3.6719061426992994e-06,4.1990726451501814e-09,-0.003301847493276,-0.09976334869861603,0.0006241182563826442,1.0024279356002808,0.17552229762077332,0.02680794894695282,2.583965301513672,-0.0002749236300587654,-0.19116681814193726,0.0024298583157360554,0.00029963254928588867
75.0,4.613831281661987,1.0,0.07051282376050949,0.0,0.505307397714371,-0.15124842524528503,0.19680583477020264,1.2624155282974243,-0.0032494929619133472,0.09998446702957153,-0.0015332848997786641,0.9949826002120972,0.03329763188958168,0.22398726642131805,3.8722903728485107,-0.0034903811756521463,-0.09476692229509354,0.0005452607874758542,0.9954932332038879,0.004543730057775974,-3.962202754337341e-06,4.1771306413807e-09,-0.0032499085646122694,-0.10091780871152878,0.0006405014428310096,1.0021554231643677,0.18454605340957642,0.027181431651115417,2.609874725341797,-0.0002408882137387991,-0.19475138187408447,0.002078545745462179,0.0005106329917907715
76.0,4.663980960845947,1.0,0.06923077255487442,0.0,0.6364538375152534,-0.15599632263183594,0.19632522761821747,1.232054352760315,-0.0035607353784143925,0.10306490212678909,-0.0027832635678350925,0.9946644306182861,0.03784339874982834,0.22399109601974487,3.8722903728485107,-0.0034524984657764435,-0.09556105732917786,0.000558116240426898,0.9954174757003784,0.004545764997601509,-4.259000888851006e-06,4.1546450724183615e-09,-0.003197047160938382,-0.10209887474775314,0.0006569861434400082,1.0018689632415771,0.19383972883224487,0.027665868401527405,2.6402359008789062,0.00010823691263794899,-0.19862595200538635,0.0033413798082619905,0.0007530450820922852
77.0,4.714138984680176,1.0,0.06794872134923935,0.0,0.6341774748434919,-0.16165323555469513,0.19560088217258453,1.2024765014648438,-0.002684710081666708,0.1060408502817154,-0.001845757127739489,0.9943564534187317,0.04239124432206154,0.22399473190307617,3.8722903728485107,-0.0034128252882510424,-0.09640569984912872,0.0005714186117984354,0.99533611536026,0.004547845106571913,-4.5620117816724814e-06,4.131626152314993e-09,-0.0031433177646249533,-0.103304423391819,0.000673564849421382,1.0015692710876465,0.20404447615146637,0.028393849730491638,2.669813871383667,-0.0007281152065843344,-0.20244655013084412,0.0024171757977455854,0.0009796619415283203
78.0,4.764260530471802,1.0,0.06666667014360428,0.0,0.5940391693515438,-0.16725607216358185,0.19542662799358368,1.173108458518982,-0.004838296212255955,0.10827706754207611,-0.0015808467287570238,0.9941077828407288,0.046941209584474564,0.22399818897247314,3.8722903728485107,-0.0033714803867042065,-0.09729765355587006,0.0005851268651895225,0.9952494502067566,0.004549963399767876,-4.870736574957846e-06,4.108132944935505e-09,-0.0030887708999216557,-0.10453236848115921,0.0006902363966219127,1.0012568235397339,0.2141972780227661,0.028571560978889465,2.6991820335388184,0.0014668158255517483,-0.20557472109794617,0.0021659736521542072,0.001141667366027832
79.0,4.814388275146484,1.0,0.06538461893796921,0.0,0.5482672330116253,-0.17238923907279968,0.19457656145095825,1.1447774171829224,-0.0045548384077847,0.11114860326051712,-0.0014671377139165998,0.9937922358512878,0.0514933243393898,0.2240014523267746,3.8722903728485107,-0.003328573191538453,-0.09823385626077652,0.0005992046208120883,0.9951576590538025,0.00455211428925395,-5.184713700145949e-06,4.0841681148151565e-09,-0.0030334535986185074,-0.10578098148107529,0.0007069985149428248,1.0009323358535767,0.2238825559616089,0.029424890875816345,2.727512836456299,0.0012262652162462473,-0.20938245952129364,0.002066342392936349,0.0013654232025146484
80.0,4.864517688751221,1.0,0.06410256773233414,0.0,0.646624084864154,-0.17803679406642914,0.1941281259059906,1.1173605918884277,-0.0041630929335951805,0.11269508302211761,-0.0017939977115020156,0.9936193227767944,0.05604761838912964,0.22400452196598053,3.8722903728485107,-0.0032842038199305534,-0.0992114320397377,0.0006136185256764293,0.9950608015060425,0.004554289858788252,-5.503580723598134e-06,4.059776514964142e-09,-0.0029774033464491367,-0.10704875737428665,0.0007238418329507113,1.000596046447754,0.23408441245555878,0.02987639605998993,2.754929780960083,0.0008788891136646271,-0.2119065225124359,0.002407616237178445,0.0014414787292480469
81.0,4.914954662322998,1.0,0.06282051652669907,0.0,0.6336506411309866,-0.18318428099155426,0.1942032277584076,1.0906397104263306,-0.0042592380195856094,0.11528508365154266,-0.0013098930940032005,0.993322491645813,0.06060410663485527,0.22400739789009094,3.8722903728485107,-0.00323846354149282,-0.10022778064012527,0.0006283395923674107,0.9949590563774109,0.0045564863830804825,-5.826937467645621e-06,4.034973688504806e-09,-0.0029206492472440004,-0.10833500325679779,0.0007407672819681466,1.000248670578003,0.24378839135169983,0.02980417013168335,2.7816505432128906,0.0010207744780927896,-0.21551287174224854,0.0019382326863706112,0.0016365647315979004
82.0,5.015087127685547,1.0,0.0615384615957737,0.0,0.4497085992513348,-0.19380396604537964,0.19330836832523346,1.0394551753997803,-0.004048012662678957,0.11987365782260895,-0.0011617799755185843,0.9927802681922913,0.06516280770301819,0.22401008009910583,3.8722903728485107,-0.0031914357095956802,-0.1012805700302124,0.0006433402304537594,0.994852602481842,0.004558699671179056,-6.154500169941457e-06,4.009781395808432e-09,-0.002863215981051326,-0.10963928699493408,0.0007577586802653968,0.9998904466629028,0.2589667737483978,0.030701711773872375,2.8328351974487305,0.0008565769530832767,-0.22115422785282135,0.0018051201477646828,0.0020723342895507812
83.0,5.06524395942688,1.0,0.060256410390138626,0.0,0.5107906663205584,-0.19904468953609467,0.19294710457324982,1.0149215459823608,-0.004658713471144438,0.12179752439260483,-0.0016022888012230396,0.9925427436828613,0.06972374022006989,0.2240125685930252,3.8722903728485107,-0.0031431950628757477,-0.10236768424510956,0.0006585954688489437,0.9947414994239807,0.004560928326100111,-6.485887297458248e-06,3.984212959551314e-09,-0.002805120311677456,-0.11096128076314926,0.0007748085772618651,0.9995217323303223,0.26876842975616455,0.03106546401977539,2.8573689460754395,0.0015155184082686901,-0.2241652011871338,0.0022608842700719833,0.0021987557411193848
84.0,5.115384340286255,1.0,0.058974359184503555,0.0,0.4991588603749884,-0.20371687412261963,0.19248683750629425,0.9910882115364075,-0.003739037550985813,0.12362105399370193,-0.0028162735980004072,0.9923185110092163,0.07428690791130066,0.22401484847068787,3.8722903728485107,-0.0030938084237277508,-0.1034872978925705,0.0006740815006196499,0.9946258068084717,0.0045631639659404755,-6.820930138928816e-06,3.958295913264465e-09,-0.0027463724836707115,-0.11230120062828064,0.0007919025374576449,0.9991427659988403,0.2780037820339203,0.031528010964393616,2.881202220916748,0.0006452291272580624,-0.22710835933685303,0.003490355098620057,0.002307295799255371
85.0,5.165520191192627,1.0,0.057692307978868484,0.0,0.4747970117573422,-0.20905937254428864,0.19202879071235657,0.9676104187965393,-0.0041011725552380085,0.12618786096572876,-0.0021878788247704506,0.9919954538345337,0.07885231077671051,0.224016934633255,3.8722903728485107,-0.003043336793780327,-0.10463773459196091,0.0006897757411934435,0.9945055842399597,0.004565400071442127,-7.15916712579201e-06,3.932032921483142e-09,-0.0026870009023696184,-0.11365853995084763,0.0008090276387520134,0.9987545609474182,0.28791168332099915,0.03198814392089844,2.904680013656616,0.0010578357614576817,-0.23082560300827026,0.002877654507756233,0.0025101304054260254
86.0,5.215673923492432,1.0,0.056410256773233414,0.0,0.6693285722383335,-0.21633288264274597,0.1913880854845047,0.9377607107162476,-0.004070736933499575,0.1282651573419571,-0.0011800277279689908,0.9917308688163757,0.08341994881629944,0.22401881217956543,3.8722903728485107,-0.0029918362852185965,-0.105817511677742,0.0007056577014736831,0.9943808317184448,0.004567636176943779,-7.500250831071753e-06,3.9054510736491466e-09,-0.0026270197704434395,-0.11503314971923828,0.0008261781185865402,0.9983565211296082,0.2997528314590454,0.03263072669506073,2.9345297813415527,0.0010789006482809782,-0.2340826690196991,0.001885685371235013,0.002649962902069092
87.0,5.31581974029541,1.0,0.05512820556759834,0.0,0.3798842416197402,-0.22394707798957825,0.1909787952899933,0.9022631049156189,-0.003670846577733755,0.13139262795448303,-0.002818080596625805,0.9913195967674255,0.08798982203006744,0.22402048110961914,3.8722903728485107,-0.0029393581207841635,-0.10702531784772873,0.0007217071834020317,0.9942517280578613,0.0045698643662035465,-7.843909770599566e-06,3.878567245152453e-09,-0.002566445851698518,-0.11642474681138992,0.0008433334296569228,0.9979493618011475,0.3119369149208069,0.033041685819625854,2.970027208328247,0.0007314884569495916,-0.23841795325279236,0.0035397878382354975,0.002932131290435791
88.0,5.365993022918701,1.0,0.05384615436196327,0.0,0.4004174708604277,-0.2286306917667389,0.19094376266002655,0.8819243907928467,-0.003146491479128599,0.13364270329475403,-0.002074566436931491,0.9910224676132202,0.09256190806627274,0.22402195632457733,3.8722903728485107,-0.0028859488666057587,-0.10825992375612259,0.0007379053859040141,0.9941182136535645,0.004572077188640833,-8.189724212570582e-06,3.851387653242e-09,-0.002505298936739564,-0.11783317476511002,0.0008604881586506963,0.9975335597991943,0.32119259238243103,0.03307819366455078,2.990365982055664,0.0002605426125228405,-0.24190261960029602,0.002812471706420183,0.0030957460403442383
89.0,5.416189193725586,1.0,0.0525641031563282,0.0,0.3769906925924746,-0.23310068249702454,0.1905360370874405,0.8620578050613403,-0.003591406624764204,0.13510967791080475,-0.0027020308189094067,0.9908204674720764,0.09713618457317352,0.2240232229232788,3.8722903728485107,-0.0028316506650298834,-0.10952025651931763,0.0007542332168668509,0.9939802885055542,0.00457426905632019,-8.537399480701424e-06,3.8239713617826965e-09,-0.002443591831251979,-0.11925835907459259,0.0008776203030720353,0.9971092343330383,0.33023685216903687,0.03348718583583832,3.010232448577881,0.0007597559597343206,-0.24462993443012238,0.0034562640357762575,0.003159821033477783
90.0,5.466336250305176,1.0,0.05128205195069313,0.0,0.4356758507483537,-0.23804347217082977,0.1899605691432953,0.8430542349815369,-0.004188071005046368,0.13656076788902283,-0.0020765450317412615,0.9906207323074341,0.10171262174844742,0.22402428090572357,3.8722903728485107,-0.002776502398774028,-0.11080534011125565,0.0007706726319156587,0.9938379526138306,0.00457643112167716,-8.886577234079596e-06,3.79629794267089e-09,-0.002381336409598589,-0.1206999123096466,0.0008947195019572973,0.9966763854026794,0.3397561013698578,0.034063711762428284,3.029236078262329,0.0014115686062723398,-0.24736610054969788,0.002847217721864581,0.0032172203063964844
